{
  "RandomForest": {
    "roc_auc": 0.9564402303884828,
    "pr_auc": 0.8683263831926983,
    "precision": 0.921877989945355,
    "recall": 0.902573070197352,
    "f1": 0.9057315190083224
  },
  "MLP": {
    "roc_auc": 0.9381759832179322,
    "pr_auc": 0.8202118654206257,
    "precision": 0.8970988542053023,
    "recall": 0.849362977766675,
    "f1": 0.8558946976911901
  },
  "XGBoost": {
    "accuracy": 0.9015738196352735,
    "roc_auc": 0.9590919336542745,
    "pr_auc": 0.8820817310535817,
    "precision": 0.7561307901907357,
    "recall": 0.9685863874345549,
    "f1": 0.8492731446059678
  }
}