{
  "RandomForest": {
    "accuracy": 0.9030726954783912,
    "roc_auc": 0.957054440854678,
    "pr_auc": 0.8705825894168943,
    "precision": 0.922177648842121,
    "recall": 0.9030726954783912,
    "f1": 0.9062017707854026
  },
  "DeepNeuralNetwork": {
    "accuracy": 0.8780914314264302,
    "roc_auc": 0.9493858200763442,
    "pr_auc": 0.8562171355717162,
    "precision": 0.9040016470755213,
    "recall": 0.8780914314264302,
    "f1": 0.8824899338562568
  },
  "XGBoost": {
    "accuracy": 0.9013240069947539,
    "roc_auc": 0.9592428137986306,
    "pr_auc": 0.8824490313319897,
    "precision": 0.7559645535105658,
    "recall": 0.9677137870855148,
    "f1": 0.8488327592805205
  },
  "LogisticRegression": {
    "accuracy": 0.8800899325505871,
    "roc_auc": 0.9417153667456497,
    "pr_auc": 0.8145437434207962,
    "precision": 0.7322175732217573,
    "recall": 0.9162303664921466,
    "f1": 0.813953488372093
  }
}