{
  "RandomForest": {
    "accuracy": 0.9030726954783912,
    "roc_auc": 0.957054440854678,
    "pr_auc": 0.8705825894168943,
    "precision": 0.922177648842121,
    "recall": 0.9030726954783912,
    "f1": 0.9062017707854026
  },
  "DeepNeuralNetwork": {
    "accuracy": 0.8780914314264302,
    "roc_auc": 0.9493858200763442,
    "pr_auc": 0.8562171355717162,
    "precision": 0.9040016470755213,
    "recall": 0.8780914314264302,
    "f1": 0.8824899338562568
  },
  "XGBoost": {
    "accuracy": 0.9015738196352735,
    "roc_auc": 0.9590919336542745,
    "pr_auc": 0.8820817310535817,
    "precision": 0.7561307901907357,
    "recall": 0.9685863874345549,
    "f1": 0.8492731446059678
  },
  "LogisticRegression": {
    "accuracy": 0.8808393704721459,
    "roc_auc": 0.9413852018953479,
    "pr_auc": 0.8134800766598015,
    "precision": 0.7331010452961673,
    "recall": 0.9179755671902269,
    "f1": 0.8151879116621464
  }
}