{
  "RandomForest": {
    "accuracy": 0.902573070197352,
    "roc_auc": 0.9569499853701237,
    "pr_auc": 0.8703303312828171,
    "precision": 0.921877989945355,
    "recall": 0.902573070197352,
    "f1": 0.9057315190083224
  },
  "DeepNeuralNetwork": {
    "accuracy": 0.8783412440669498,
    "roc_auc": 0.9486381387132184,
    "pr_auc": 0.8538840347527534,
    "precision": 0.9025805707417796,
    "recall": 0.8783412440669498,
    "f1": 0.8826069265450946
  },
  "XGBoost": {
    "accuracy": 0.9023232575568324,
    "roc_auc": 0.9585067386004553,
    "pr_auc": 0.8791260164204487,
    "precision": 0.9205035020239551,
    "recall": 0.9023232575568324,
    "f1": 0.905
  },
  "LogisticRegression": {
    "accuracy": 0.8800899325505871,
    "roc_auc": 0.9417153667456497,
    "pr_auc": 0.8145437434207962,
    "precision": 0.7322175732217573,
    "recall": 0.9162303664921466,
    "f1": 0.813953488372093
  }
}