{
  "RandomForest": {
    "roc_auc": 0.9351402496162414,
    "pr_auc": 0.8194686970730779,
    "precision": 0.8940329749989946,
    "recall": 0.8576067949038221,
    "f1": 0.8633049175907536
  },
  "MLP": {
    "roc_auc": 0.9381759832179322,
    "pr_auc": 0.8202118654206257,
    "precision": 0.8970988542053023,
    "recall": 0.849362977766675,
    "f1": 0.8558946976911901
  },
  "XGBoost": {
    "roc_auc": 0.0,
    "pr_auc": 0.0,
    "precision": 0.0,
    "recall": 0.0,
    "f1": 0.0
  }
}