{
  "RandomForest": {
    "accuracy": 0.9030726954783912,
    "roc_auc": 0.957054440854678,
    "pr_auc": 0.8705825894168943,
    "precision": 0.922177648842121,
    "recall": 0.9030726954783912,
    "f1": 0.9062017707854026
  },
  "MLP": {
    "roc_auc": 0.9381759832179322,
    "pr_auc": 0.8202118654206257,
    "precision": 0.8970988542053023,
    "recall": 0.849362977766675,
    "f1": 0.8558946976911901
  },
  "XGBoost": {
    "accuracy": 0.9015738196352735,
    "roc_auc": 0.9590919336542745,
    "pr_auc": 0.8820817310535817,
    "precision": 0.7561307901907357,
    "recall": 0.9685863874345549,
    "f1": 0.8492731446059678
  }
}