{
  "RandomForest": {
    "roc_auc": 0.9347212448482772,
    "pr_auc": 0.8187220081990516,
    "precision": 0.8939316907467163,
    "recall": 0.8546090432175868,
    "f1": 0.8605720500305674
  },
  "MLP": {
    "roc_auc": 0.9381759832179322,
    "pr_auc": 0.8202118654206257,
    "precision": 0.8970988542053023,
    "recall": 0.849362977766675,
    "f1": 0.8558946976911901
  },
  "XGBoost": {
    "roc_auc": 0.0,
    "pr_auc": 0.0,
    "precision": 0.0,
    "recall": 0.0,
    "f1": 0.0
  }
}