{
  "RandomForest": {
    "accuracy": 0.902573070197352,
    "roc_auc": 0.9569499853701237,
    "pr_auc": 0.8703303312828171,
    "precision": 0.921877989945355,
    "recall": 0.902573070197352,
    "f1": 0.9057315190083224
  },
  "DeepNeuralNetwork": {
    "accuracy": 0.8780914314264302,
    "roc_auc": 0.9493858200763442,
    "pr_auc": 0.8562171355717162,
    "precision": 0.9040016470755213,
    "recall": 0.8780914314264302,
    "f1": 0.8824899338562568
  },
  "XGBoost": {
    "accuracy": 0.9013240069947539,
    "roc_auc": 0.9585067386004553,
    "pr_auc": 0.8791260164204487,
    "precision": 0.7542315504400813,
    "recall": 0.9720767888307156,
    "f1": 0.8494090735798704
  },
  "LogisticRegression": {
    "accuracy": 0.8800899325505871,
    "roc_auc": 0.9417153667456497,
    "pr_auc": 0.8145437434207962,
    "precision": 0.7322175732217573,
    "recall": 0.9162303664921466,
    "f1": 0.813953488372093
  }
}